{"cameraMode":{"drawMode":0,"name":"Shaded","section":"Shading Mode"},"sceneLighting":false,"audioPlay":false,"sceneViewState":{"showFog":true,"showMaterialUpdate":false,"showSkybox":true,"showFlares":true,"showImageEffects":true,"showParticleSystems":true},"in2DMode":false,"pivot":{"x":-12.479999542236329,"y":1.2300000190734864,"z":-6.679999828338623},"rotation":{"x":-0.037133488804101947,"y":0.049477268010377887,"z":0.0018418970284983516,"w":0.9980830550193787},"size":3.429629325866699,"orthographic":false}