{"cameraMode":{"drawMode":0,"name":"Shaded","section":"Shading Mode"},"sceneLighting":false,"audioPlay":false,"sceneViewState":{"showFog":true,"showMaterialUpdate":false,"showSkybox":true,"showFlares":true,"showImageEffects":true,"showParticleSystems":true},"in2DMode":false,"pivot":{"x":57.90473937988281,"y":3.9282193183898927,"z":17.629655838012697},"rotation":{"x":-0.010409324429929257,"y":-0.07618492096662522,"z":-0.0007957759080454707,"w":0.9970390796661377},"size":13.844474792480469,"orthographic":false}