{"cameraMode":{"drawMode":0,"name":"Shaded","section":"Shading Mode"},"sceneLighting":true,"audioPlay":false,"sceneViewState":{"showFog":false,"showMaterialUpdate":false,"showSkybox":false,"showFlares":false,"showImageEffects":false,"showParticleSystems":false},"in2DMode":false,"pivot":{"x":2.211027145385742,"y":4.8149261474609379,"z":-5.450618743896484},"rotation":{"x":0.16276754438877107,"y":0.7613654136657715,"z":-0.20948901772499085,"w":0.5915604829788208},"size":8.809357643127442,"orthographic":false}