{"cameraMode":{"drawMode":0,"name":"Shaded","section":"Shading Mode"},"sceneLighting":false,"audioPlay":false,"sceneViewState":{"showFog":false,"showMaterialUpdate":false,"showSkybox":false,"showFlares":false,"showImageEffects":false,"showParticleSystems":false},"in2DMode":false,"pivot":{"x":-12.479999542236329,"y":1.2300000190734864,"z":-6.679999828338623},"rotation":{"x":0.05674831196665764,"y":0.8022258281707764,"z":-0.07725527137517929,"w":0.5892750024795532},"size":3.429629325866699,"orthographic":false}